Item,Link,Provider,Quantity,Cost (Per Unit),Total
PCB Printing,https://jlcpcb.com/,JLCPCB,5 (min),N/A,$5.46
3D Printing Case,N/A,Friend,1,N/A,$0.00
MX-Style switches,https://hackpad.hackclub.com/parts,Stardance,16,$0.00,$0.00
EC11 Rotary encoders,https://hackpad.hackclub.com/parts,Stardance,2,$0.00,$0.00
0.91 inch OLED display,https://hackpad.hackclub.com/parts,Stardance,1,$0.00,$0.00
White blank DSA keycaps,https://hackpad.hackclub.com/parts,Stardance,16,$0.00,$0.00
SK6812 MINI-E LEDs,https://hackpad.hackclub.com/parts,Stardance,20,$0.00,$0.00
M3x16mm screws,https://hackpad.hackclub.com/parts,Stardance,6,$0.00,$0.00
M3x5mx4mm heatset inserts,https://hackpad.hackclub.com/parts,Stardance,6,$0.00,$0.00
Pinecil,https://pine64.com/product/pinecil-smart-mini-portable-soldering-iron/,Pine64,1,$25.99,$25.99
,,,,,
,,,,,
,,,,,
,,,,,$31.45